島根出身のRubyの生みの親はだれでしょ～～～？？？,まつもとゆきひろ,matsumotoyukihiro,13,秋にはきれいな紅葉がみれるわよ。
島根出身のRubyの生みの親はだれでしょ～～～？？？,まつもとゆきひろ,matsumotoyukihiro,13,秋にはきれいな紅葉がみれるわよ。
島根出身のRubyの生みの親はだれでしょ～～～？？？,まつもとゆきひろ,matsumotoyukihiro,13,秋にはきれいな紅葉がみれるわよ。
島根出身のRubyの生みの親はだれでしょ～～～？？？,まつもとゆきひろ,matsumotoyukihiro,13,秋にはきれいな紅葉がみれるわよ。
島根出身のRubyの生みの親はだれでしょ～～～？？？,まつもとゆきひろ,matsumotoyukihiro,13,秋にはきれいな紅葉がみれるわよ。
島根出身のRubyの生みの親はだれでしょ～～～？？？,まつもとゆきひろ,matsumotoyukihiro,13,秋にはきれいな紅葉がみれるわよ。
島根出身のRubyの生みの親はだれでしょ～～～？？？,まつもとゆきひろ,matsumotoyukihiro,13,秋にはきれいな紅葉がみれるわよ。
島根出身のRubyの生みの親はだれでしょ～～～？？？,まつもとゆきひろ,matsumotoyukihiro,13,秋にはきれいな紅葉がみれるわよ。
島根出身のRubyの生みの親はだれでしょ～～～？？？,まつもとゆきひろ,matsumotoyukihiro,13,秋にはきれいな紅葉がみれるわよ。
島根出身のRubyの生みの親はだれでしょ～～～？？？,まつもとゆきひろ,matsumotoyukihiro,13,秋にはきれいな紅葉がみれるわよ。
島根出身のRubyの生みの親はだれでしょ～～～？？？,まつもとゆきひろ,matsumotoyukihiro,13,秋にはきれいな紅葉がみれるわよ。
